{"startTime":0,"endTime":100,"multimodel_path":"Multi-models/speed_SC_period_double/mm.json","liveGraphColumns":1,"liveGraphVisibleRowCount":1,"graphs":[{"title":"velocity","livestream":{"{SimpleCar2}.SimpleCar2":["speed"],"{SimpleCar1}.SimpleCar1":["speed"],"{SimpleCar3}.SimpleCar3":["speed"],"{LeadCar}.LeadCar":["speed"]},"externalWindow":false},{"title":"position","livestream":{"{SimpleCar1}.SimpleCar1":["x"],"{SimpleCar2}.SimpleCar2":["x"],"{SimpleCar3}.SimpleCar3":["x"],"{LeadCar}.LeadCar":["x"]},"externalWindow":false},{"title":"acc","livestream":{"{LeadCar}.LeadCar":["accel"],"{Controller3}.Controller3":["accdes"],"{Controller2}.Controller2":["accdes"],"{Controller1}.Controller1":["accdes"]},"externalWindow":false},{"title":"attack","livestream":{"{Attack}.Attack":["output"],"{SimpleCar1}.SimpleCar1":["x"],"{Attack2}.Attack2":["output"]},"externalWindow":false}],"livestreamInterval":0,"logVariables":{},"visible":false,"loggingOn":false,"overrideLogLevel":null,"enableAllLogCategoriesPerInstance":false,"algorithm":{"type":"fixed-step","size":0.1},"postProcessingScript":"","multimodel_crc":"38c9460c9a56422e85aad57439986b0b","parallelSimulation":false,"stabalizationEnabled":false,"global_absolute_tolerance":0,"global_relative_tolerance":0.01,"simulationProgramDelay":false}