{"fmus":{"{platoon}":"PlatooningFORESEEN.fmu","{cacc2}":"CACC_DynamicDistance.fmu","{cacc3}":"CACC_DynamicDistance.fmu","{cacc4}":"CACC_DynamicDistance.fmu","{cacc5}":"CACC_DynamicDistance.fmu","{TD}":"TargetDistance.fmu","{V2V}":"V2V.fmu","{delay}":"fixeddelay.fmu"},"connections":{"{cacc2}.cacc1Instance.accdes":["{delay}.delayInstance2.input"],"{delay}.delayInstance2.output":["{platoon}.platoonInstance.Acceleration_2_car"],"{platoon}.platoonInstance.Accel_leader":["{V2V}.V2VInstance1.AL"],"{platoon}.platoonInstance.Position_leader":["{V2V}.V2VInstance1.XL","{cacc2}.cacc1Instance.in_x_prec"],"{platoon}.platoonInstance.Speed_leader":["{V2V}.V2VInstance1.VL"],"{platoon}.platoonInstance.Accel_2":["{V2V}.V2VInstance1.A2"],"{platoon}.platoonInstance.Position_2":["{V2V}.V2VInstance1.X2","{cacc2}.cacc1Instance.in_x","{cacc3}.cacc2Instance.in_x_prec"],"{platoon}.platoonInstance.Speed_2":["{V2V}.V2VInstance1.V2","{cacc2}.cacc1Instance.speed_me"],"{platoon}.platoonInstance.Accel_3":["{V2V}.V2VInstance1.A3"],"{platoon}.platoonInstance.Position_3":["{V2V}.V2VInstance1.X3","{cacc3}.cacc2Instance.in_x","{cacc4}.cacc3Instance.in_x_prec"],"{platoon}.platoonInstance.Speed_3":["{V2V}.V2VInstance1.V3","{cacc3}.cacc2Instance.speed_me"],"{platoon}.platoonInstance.Accel_4":["{V2V}.V2VInstance1.A4"],"{platoon}.platoonInstance.Position_4":["{V2V}.V2VInstance1.X4","{cacc4}.cacc3Instance.in_x","{cacc5}.cacc4Instance.in_x_prec"],"{platoon}.platoonInstance.Speed_4":["{V2V}.V2VInstance1.V4","{cacc4}.cacc3Instance.speed_me"],"{platoon}.platoonInstance.Accel_5":["{V2V}.V2VInstance1.A5"],"{platoon}.platoonInstance.Position_5":["{V2V}.V2VInstance1.X5","{cacc5}.cacc4Instance.in_x"],"{platoon}.platoonInstance.Speed_5":["{V2V}.V2VInstance1.V5","{cacc5}.cacc4Instance.speed_me"],"{V2V}.V2VInstance1.AL2":["{cacc2}.cacc1Instance.acc_leader","{cacc2}.cacc1Instance.acc_prec"],"{V2V}.V2VInstance1.VL2":["{cacc2}.cacc1Instance.speed_leader","{cacc2}.cacc1Instance.speed_prec"],"{V2V}.V2VInstance1.XL2":["{cacc2}.cacc1Instance.in_x_leader"],"{V2V}.V2VInstance1.AL3":["{cacc3}.cacc2Instance.acc_leader"],"{V2V}.V2VInstance1.AL4":["{cacc4}.cacc3Instance.acc_leader"],"{V2V}.V2VInstance1.AL5":["{cacc5}.cacc4Instance.acc_leader"],"{V2V}.V2VInstance1.VL3":["{cacc3}.cacc2Instance.speed_leader"],"{V2V}.V2VInstance1.VL4":["{cacc4}.cacc3Instance.speed_leader"],"{V2V}.V2VInstance1.VL5":["{cacc5}.cacc4Instance.speed_leader"],"{V2V}.V2VInstance1.XL3":["{cacc3}.cacc2Instance.in_x_leader"],"{V2V}.V2VInstance1.XL4":["{cacc4}.cacc3Instance.in_x_leader"],"{V2V}.V2VInstance1.XL5":["{cacc5}.cacc4Instance.in_x_leader"],"{V2V}.V2VInstance1.V23":["{cacc3}.cacc2Instance.speed_prec"],"{V2V}.V2VInstance1.V34":["{cacc4}.cacc3Instance.speed_prec"],"{V2V}.V2VInstance1.V45":["{cacc5}.cacc4Instance.speed_prec"],"{V2V}.V2VInstance1.A23":["{cacc3}.cacc2Instance.acc_prec"],"{V2V}.V2VInstance1.A34":["{cacc4}.cacc3Instance.acc_prec"],"{V2V}.V2VInstance1.A45":["{cacc5}.cacc4Instance.acc_prec"],"{cacc3}.cacc2Instance.accdes":["{delay}.delayInstance3.input"],"{cacc4}.cacc3Instance.accdes":["{delay}.delayInstance4.input"],"{cacc5}.cacc4Instance.accdes":["{delay}.delayInstance5.input"],"{delay}.delayInstance3.output":["{platoon}.platoonInstance.Acceleration_3_car"],"{delay}.delayInstance4.output":["{platoon}.platoonInstance.Acceleration_4_car"],"{delay}.delayInstance5.output":["{platoon}.platoonInstance.Acceleration_5_car"],"{TD}.TDInstance.TD":["{cacc2}.cacc1Instance.targetDistance","{cacc3}.cacc2Instance.targetDistance","{cacc4}.cacc3Instance.targetDistance","{cacc5}.cacc4Instance.targetDistance"]},"parameters":{"{cacc2}.cacc1Instance.C1_weight":0.5,"{cacc2}.cacc1Instance.controllerBandwidth":0.2,"{cacc2}.cacc1Instance.dampingRatio":1,"{cacc2}.cacc1Instance.precVehicleLenght":4,"{delay}.delayInstance2.delay":8,"{delay}.delayInstance2.detDelay":0,"{delay}.delayInstance2.expDelay":0,"{delay}.delayInstance2.tickSize":0.01,"{platoon}.platoonInstance.Initial_position_2":100,"{platoon}.platoonInstance.Initial_position_3":75,"{platoon}.platoonInstance.Initial_position_4":50,"{platoon}.platoonInstance.Initial_position_5":25,"{platoon}.platoonInstance.Initial_speed_2":3,"{platoon}.platoonInstance.Initial_speed_3":3,"{platoon}.platoonInstance.Initial_speed_4":3,"{platoon}.platoonInstance.Initial_speed_5":3,"{platoon}.platoonInstance.Initial_speed_lead":5,"{platoon}.platoonInstance.length":4,"{platoon}.platoonInstance.t1_wet":110,"{platoon}.platoonInstance.t2_snow":110,"{platoon}.platoonInstance.t3_ice":110,"{platoon}.platoonInstance.maxSpeed":60,"{platoon}.platoonInstance.minSpeed":-10,"{platoon}.platoonInstance.Initial_position_lead":130,"{cacc3}.cacc2Instance.controllerBandwidth":0.2,"{cacc3}.cacc2Instance.dampingRatio":1,"{cacc3}.cacc2Instance.precVehicleLenght":4,"{cacc3}.cacc2Instance.C1_weight":0.5,"{cacc4}.cacc3Instance.C1_weight":0.5,"{cacc4}.cacc3Instance.controllerBandwidth":0.2,"{cacc4}.cacc3Instance.dampingRatio":1,"{cacc4}.cacc3Instance.precVehicleLenght":4,"{cacc5}.cacc4Instance.C1_weight":0.5,"{cacc5}.cacc4Instance.controllerBandwidth":0.2,"{cacc5}.cacc4Instance.dampingRatio":1,"{cacc5}.cacc4Instance.precVehicleLenght":4,"{delay}.delayInstance3.delay":9,"{delay}.delayInstance3.detDelay":0,"{delay}.delayInstance3.expDelay":0,"{delay}.delayInstance3.tickSize":0.01,"{delay}.delayInstance4.delay":10,"{delay}.delayInstance4.detDelay":0,"{delay}.delayInstance4.expDelay":0,"{delay}.delayInstance4.tickSize":0.01,"{delay}.delayInstance5.delay":11,"{delay}.delayInstance5.detDelay":0,"{delay}.delayInstance5.expDelay":0,"{delay}.delayInstance5.tickSize":0.01,"{TD}.TDInstance.height":20,"{TD}.TDInstance.offset":10,"{TD}.TDInstance.startime":110,"{TD}.TDInstance.duration":20}}