{
  "environment_variables" : {
    "{SimpleCar3}.SimpleCar3_1.x0" : 5,
    "{Controller3}.Controller3_1.targetDistance" : 15,
    "{LeadCar}.LeadCar_1.simple_car.v0" : 10,
    "{LeadCar}.LeadCar_1.simple_car.x0" : 40,
    "{Attack}.Attack_1.attack_value" : 14,
    "{SimpleCar3}.SimpleCar3_1.v0" : 8,
    "{Attack}.Attack_1.step_size" : 0.1,
    "{Controller1}.Controller1_1.targetDistance" : 15,
    "{SimpleCar1}.SimpleCar1_1.x0" : 25,
    "{SimpleCar1}.SimpleCar1_1.v0" : 7,
    "{SimpleCar2}.SimpleCar2_1.v0" : 5,
    "{SimpleCar2}.SimpleCar2_1.x0" : 15,
    "{Controller2}.Controller2_1.targetDistance" : 15,
    "{Attack}.Attack_1.attack_time" : 10
  },
  "DataWriter" : [ {
    "filename" : "outputs.csv",
    "type" : "CSV"
  } ]
}