{"startTime":0,"endTime":20,"multimodel_path":"Multi-models/BaselineSystemMEC/mm.json","liveGraphColumns":1,"liveGraphVisibleRowCount":1,"graphs":[{"title":"Live Graph","livestream":{"{plant}.plantInstance":["Position_leader","Position_5","Position_4","Position_3","Position_2"]},"externalWindow":false}],"livestreamInterval":0,"logVariables":{},"visible":false,"loggingOn":false,"overrideLogLevel":null,"enableAllLogCategoriesPerInstance":false,"algorithm":{"type":"fixed-step","size":0.01},"postProcessingScript":"","multimodel_crc":"4149ac928c31787f487e6bbd5cc58e32","parallelSimulation":false,"stabalizationEnabled":false,"global_absolute_tolerance":0,"global_relative_tolerance":0.01,"simulationProgramDelay":false,"convergenceAttempts":5}