{"startTime":0,"endTime":100,"multimodel_path":"Multi-models/standard platooning/mm.json","liveGraphColumns":1,"liveGraphVisibleRowCount":1,"graphs":[{"title":"velocity","livestream":{"{SimpleCar2}.SimpleCar2":["speed"],"{SimpleCar1}.SimpleCar1":["speed"],"{SimpleCar3}.SimpleCar3":["speed"],"{LeadCar}.LeadCar":["speed"]},"externalWindow":true},{"title":"position","livestream":{"{SimpleCar1}.SimpleCar1":["x"],"{SimpleCar2}.SimpleCar2":["x"],"{SimpleCar3}.SimpleCar3":["x"],"{LeadCar}.LeadCar":["x"]},"externalWindow":true}],"livestreamInterval":0,"logVariables":{},"visible":false,"loggingOn":false,"overrideLogLevel":null,"enableAllLogCategoriesPerInstance":false,"algorithm":{"type":"fixed-step","size":0.1},"postProcessingScript":"","multimodel_crc":"e97b0448071497f66b58b13e40641c0b","parallelSimulation":false,"stabalizationEnabled":false,"global_absolute_tolerance":0,"global_relative_tolerance":0.01,"simulationProgramDelay":false}