{"fmus":{"{plant}":"PlatooningFORESEEN.fmu","{control}":"MEC.fmu","{TD}":"TargetDistance.fmu"},"connections":{"{plant}.plantInstance.Position_leader":["{control}.controlInstance.platoon_0_0_pos_x"],"{plant}.plantInstance.Speed_leader":["{control}.controlInstance.platoon_0_0_speed_x"],"{plant}.plantInstance.DeltaL_2":["{control}.controlInstance.platoon_0_1_front_dist"],"{plant}.plantInstance.Delta2_3":["{control}.controlInstance.platoon_0_2_front_dist"],"{plant}.plantInstance.Delta3_4":["{control}.controlInstance.platoon_0_3_front_dist"],"{plant}.plantInstance.Delta4_5":["{control}.controlInstance.platoon_0_4_front_dist"],"{plant}.plantInstance.Position_2":["{control}.controlInstance.platoon_0_1_pos_x"],"{plant}.plantInstance.Position_3":["{control}.controlInstance.platoon_0_2_pos_x"],"{plant}.plantInstance.Position_4":["{control}.controlInstance.platoon_0_3_pos_x"],"{plant}.plantInstance.Position_5":["{control}.controlInstance.platoon_0_4_pos_x"],"{plant}.plantInstance.Speed_2":["{control}.controlInstance.platoon_0_1_speed_x"],"{plant}.plantInstance.Speed_3":["{control}.controlInstance.platoon_0_2_speed_x"],"{plant}.plantInstance.Speed_4":["{control}.controlInstance.platoon_0_3_speed_x"],"{plant}.plantInstance.Speed_5":["{control}.controlInstance.platoon_0_4_speed_x"],"{plant}.plantInstance.Accel_leader":["{control}.controlInstance.platoon_0_0_lin_acc"],"{plant}.plantInstance.Accel_3":["{control}.controlInstance.platoon_0_2_lin_acc"],"{plant}.plantInstance.Accel_4":["{control}.controlInstance.platoon_0_3_lin_acc"],"{plant}.plantInstance.Accel_5":["{control}.controlInstance.platoon_0_4_lin_acc"],"{plant}.plantInstance.Accel_2":["{control}.controlInstance.platoon_0_1_lin_acc"],"{control}.controlInstance.platoon_0_1_des_lin_acc":["{plant}.plantInstance.Acceleration_2_car"],"{control}.controlInstance.platoon_0_2_des_lin_acc":["{plant}.plantInstance.Acceleration_3_car"],"{control}.controlInstance.platoon_0_3_des_lin_acc":["{plant}.plantInstance.Acceleration_4_car"],"{control}.controlInstance.platoon_0_4_des_lin_acc":["{plant}.plantInstance.Acceleration_5_car"],"{TD}.TDInstance.TD":["{control}.controlInstance.cacc_target_distance"]},"parameters":{"{plant}.plantInstance.Initial_position_2":100,"{plant}.plantInstance.Initial_position_3":75,"{plant}.plantInstance.Initial_position_4":50,"{plant}.plantInstance.Initial_position_5":25,"{plant}.plantInstance.Initial_position_lead":150,"{plant}.plantInstance.length":4,"{plant}.plantInstance.t1_wet":240,"{plant}.plantInstance.t2_snow":320,"{plant}.plantInstance.t3_ice":610,"{plant}.plantInstance.Initial_speed_2":3,"{plant}.plantInstance.Initial_speed_3":3,"{plant}.plantInstance.Initial_speed_4":3,"{plant}.plantInstance.Initial_speed_5":3,"{plant}.plantInstance.Initial_speed_lead":5,"{plant}.plantInstance.maxSpeed":60,"{plant}.plantInstance.minSpeed":-10,"{control}.controlInstance.platoon_0_0_length":4,"{control}.controlInstance.platoon_0_0_max_acceleration":5,"{control}.controlInstance.platoon_0_0_max_speed":60,"{control}.controlInstance.platoon_0_0_min_acceleration":5,"{control}.controlInstance.platoon_0_1_length":4,"{control}.controlInstance.platoon_0_1_max_acceleration":5,"{control}.controlInstance.platoon_0_1_max_speed":60,"{control}.controlInstance.platoon_0_1_min_acceleration":5,"{control}.controlInstance.platoon_0_2_length":4,"{control}.controlInstance.platoon_0_2_max_acceleration":5,"{control}.controlInstance.platoon_0_2_max_speed":60,"{control}.controlInstance.platoon_0_2_min_acceleration":5,"{control}.controlInstance.platoon_0_3_length":4,"{control}.controlInstance.platoon_0_3_max_acceleration":5,"{control}.controlInstance.platoon_0_3_max_speed":60,"{control}.controlInstance.platoon_0_3_min_acceleration":5,"{control}.controlInstance.platoon_0_4_length":4,"{control}.controlInstance.platoon_0_4_max_acceleration":5,"{control}.controlInstance.platoon_0_4_max_speed":60,"{control}.controlInstance.platoon_0_4_min_acceleration":5,"{control}.controlInstance.network_downlink_delay":"exponential(5ms, 10ms) + uniform(-0.1ms, 0.1ms)","{control}.controlInstance.network_uplink_delay":"exponential(10ms, 10ms)","{TD}.TDInstance.duration":20,"{TD}.TDInstance.height":20,"{TD}.TDInstance.offset":10,"{TD}.TDInstance.startime":40}}