{"startTime":0,"endTime":100,"multimodel_path":"Multi-models/acc_LC_period/mm.json","liveGraphColumns":1,"liveGraphVisibleRowCount":1,"graphs":[{"title":"velocity","livestream":{"{SimpleCar2}.SimpleCar2":["speed"],"{SimpleCar1}.SimpleCar1":["speed"],"{SimpleCar3}.SimpleCar3":["speed"],"{LeadCar}.LeadCar":["speed"]},"externalWindow":false},{"title":"position","livestream":{"{SimpleCar1}.SimpleCar1":["x"],"{SimpleCar2}.SimpleCar2":["x"],"{SimpleCar3}.SimpleCar3":["x"],"{LeadCar}.LeadCar":["x"]},"externalWindow":false},{"title":"acc","livestream":{"{LeadCar}.LeadCar":["accel"],"{Controller3}.Controller3":["accdes"],"{Controller2}.Controller2":["accdes"],"{Controller1}.Controller1":["accdes"]},"externalWindow":false},{"title":"attack","livestream":{"{Attack}.Attack":["output"],"{LeadCar}.LeadCar":["accel"]},"externalWindow":false}],"livestreamInterval":0,"logVariables":{},"visible":false,"loggingOn":false,"overrideLogLevel":null,"enableAllLogCategoriesPerInstance":false,"algorithm":{"type":"fixed-step","size":0.1},"postProcessingScript":"","multimodel_crc":"66553d5e8b7fcee57c75b32dc4e5a6ee","parallelSimulation":false,"stabalizationEnabled":false,"global_absolute_tolerance":0,"global_relative_tolerance":0.01,"simulationProgramDelay":false}