{"startTime":0,"endTime":100,"multimodel_path":"Multi-models/BaselineSystemV2V/mm.json","liveGraphColumns":1,"liveGraphVisibleRowCount":1,"graphs":[{"title":"Live Graph","livestream":{"{platoon}.platoonInstance":["Position_leader","Position_5","Position_4","Position_3","Position_2"]},"externalWindow":false}],"livestreamInterval":0,"logVariables":{},"visible":false,"loggingOn":false,"overrideLogLevel":null,"enableAllLogCategoriesPerInstance":false,"algorithm":{"type":"fixed-step","size":0.01},"postProcessingScript":"","multimodel_crc":"8fa52fc75a9bcc6f0bc5926bbead8bfa","parallelSimulation":false,"stabalizationEnabled":false,"global_absolute_tolerance":0,"global_relative_tolerance":0.01,"simulationProgramDelay":false,"convergenceAttempts":5}